"id","emp_code","emp_name","dept","dob","joining_date","status"
"1","emp_1","james","development","26-02-1997","02-02-2018","1"
"2","emp_2","sam","development","26-02-1998","02-02-2017","1"
"3","emp_3","sara","testing","26-02-1995","02-02-2000","1"
"4","emp_4","lilly","testing","26-02-1992","02-02-2015","1"
"5","emp_5","siva","marketing","22-02-2000","01-02-2018","1"
"6","emp_6","sam","development","06-02-1993","02-02-2013","1"
"7","emp_7","sara","testing","05-02-1995","02-02-2018","1"
"8","emp_8","nila","testing","26-02-1992","02-02-2021","1"
"9","emp_1","james","development","26-02-1997","02-02-2018","1"
"10","emp_2","sam","development","26-02-1998","02-02-2017","1"
"11","emp_3","sara","testing","26-02-1995","02-02-2000","1"
"12","emp_4","lilly","testing","26-02-1992","02-02-2015","1"
"13","emp_5","siva","marketing","22-02-2000","01-02-2018","1"
"14","emp_6","sam","development","06-02-1993","02-02-2013","1"
"15","emp_7","sara","testing","05-02-1995","02-02-2018","1"
"16","emp_8","nila","testing","26-02-1992","02-02-2021","1"
